feature,threshold,target,swept_value,n_patients,tabnet_mean_p_elevated,rules_frac_elevated
hba1c,5.7,carb_sensitivity,5.358,200,0.1191,0.525
hba1c,5.7,carb_sensitivity,5.3751,200,0.1191,0.525
hba1c,5.7,carb_sensitivity,5.3922,200,0.1191,0.525
hba1c,5.7,carb_sensitivity,5.4093,200,0.1191,0.525
hba1c,5.7,carb_sensitivity,5.4264,200,0.1191,0.525
hba1c,5.7,carb_sensitivity,5.4435,200,0.1191,0.525
hba1c,5.7,carb_sensitivity,5.4606,200,0.1191,0.525
hba1c,5.7,carb_sensitivity,5.4777,200,0.1191,0.525
hba1c,5.7,carb_sensitivity,5.4948,200,0.1191,0.525
hba1c,5.7,carb_sensitivity,5.5119,200,0.1193,0.525
hba1c,5.7,carb_sensitivity,5.529,200,0.1196,0.525
hba1c,5.7,carb_sensitivity,5.5461,200,0.12,0.525
hba1c,5.7,carb_sensitivity,5.5632,200,0.1203,0.525
hba1c,5.7,carb_sensitivity,5.5803,200,0.1206,0.525
hba1c,5.7,carb_sensitivity,5.5974,200,0.1209,0.525
hba1c,5.7,carb_sensitivity,5.6145,200,0.1223,0.525
hba1c,5.7,carb_sensitivity,5.6316,200,0.1239,0.525
hba1c,5.7,carb_sensitivity,5.6487,200,0.1255,0.525
hba1c,5.7,carb_sensitivity,5.6658,200,0.1272,0.525
hba1c,5.7,carb_sensitivity,5.6829,200,0.129,0.525
hba1c,5.7,carb_sensitivity,5.7,200,0.1308,1.0
hba1c,5.7,carb_sensitivity,5.7171,200,0.1315,1.0
hba1c,5.7,carb_sensitivity,5.7342,200,0.1321,1.0
hba1c,5.7,carb_sensitivity,5.7513,200,0.1328,1.0
hba1c,5.7,carb_sensitivity,5.7684,200,0.1334,1.0
hba1c,5.7,carb_sensitivity,5.7855,200,0.1341,1.0
hba1c,5.7,carb_sensitivity,5.8026,200,0.1349,1.0
hba1c,5.7,carb_sensitivity,5.8197,200,0.1362,1.0
hba1c,5.7,carb_sensitivity,5.8368,200,0.1375,1.0
hba1c,5.7,carb_sensitivity,5.8539,200,0.1389,1.0
hba1c,5.7,carb_sensitivity,5.871,200,0.1402,1.0
hba1c,5.7,carb_sensitivity,5.8881,200,0.1416,1.0
hba1c,5.7,carb_sensitivity,5.9052,200,0.1436,1.0
hba1c,5.7,carb_sensitivity,5.9223,200,0.1467,1.0
hba1c,5.7,carb_sensitivity,5.9394,200,0.15,1.0
hba1c,5.7,carb_sensitivity,5.9565,200,0.1534,1.0
hba1c,5.7,carb_sensitivity,5.9736,200,0.1569,1.0
hba1c,5.7,carb_sensitivity,5.9907,200,0.1605,1.0
hba1c,5.7,carb_sensitivity,6.0078,200,0.1635,1.0
hba1c,5.7,carb_sensitivity,6.0249,200,0.1657,1.0
hba1c,5.7,carb_sensitivity,6.042,200,0.1681,1.0
hba1c,7.0,carb_sensitivity,6.58,200,0.4547,1.0
hba1c,7.0,carb_sensitivity,6.601,200,0.4585,1.0
hba1c,7.0,carb_sensitivity,6.622,200,0.4597,1.0
hba1c,7.0,carb_sensitivity,6.643,200,0.4609,1.0
hba1c,7.0,carb_sensitivity,6.664,200,0.4621,1.0
hba1c,7.0,carb_sensitivity,6.685,200,0.4634,1.0
hba1c,7.0,carb_sensitivity,6.706,200,0.4651,1.0
hba1c,7.0,carb_sensitivity,6.727,200,0.4674,1.0
hba1c,7.0,carb_sensitivity,6.748,200,0.4697,1.0
hba1c,7.0,carb_sensitivity,6.769,200,0.4719,1.0
hba1c,7.0,carb_sensitivity,6.79,200,0.4741,1.0
hba1c,7.0,carb_sensitivity,6.811,200,0.4789,1.0
hba1c,7.0,carb_sensitivity,6.832,200,0.4863,1.0
hba1c,7.0,carb_sensitivity,6.853,200,0.4942,1.0
hba1c,7.0,carb_sensitivity,6.874,200,0.5027,1.0
hba1c,7.0,carb_sensitivity,6.895,200,0.5116,1.0
hba1c,7.0,carb_sensitivity,6.916,200,0.5138,1.0
hba1c,7.0,carb_sensitivity,6.937,200,0.5138,1.0
hba1c,7.0,carb_sensitivity,6.958,200,0.5138,1.0
hba1c,7.0,carb_sensitivity,6.979,200,0.5138,1.0
hba1c,7.0,carb_sensitivity,7.0,200,0.5138,1.0
hba1c,7.0,carb_sensitivity,7.021,200,0.5148,1.0
hba1c,7.0,carb_sensitivity,7.042,200,0.5157,1.0
hba1c,7.0,carb_sensitivity,7.063,200,0.5167,1.0
hba1c,7.0,carb_sensitivity,7.084,200,0.5176,1.0
hba1c,7.0,carb_sensitivity,7.105,200,0.5185,1.0
hba1c,7.0,carb_sensitivity,7.126,200,0.5193,1.0
hba1c,7.0,carb_sensitivity,7.147,200,0.5202,1.0
hba1c,7.0,carb_sensitivity,7.168,200,0.521,1.0
hba1c,7.0,carb_sensitivity,7.189,200,0.5219,1.0
hba1c,7.0,carb_sensitivity,7.21,200,0.525,1.0
hba1c,7.0,carb_sensitivity,7.231,200,0.5307,1.0
hba1c,7.0,carb_sensitivity,7.252,200,0.5365,1.0
hba1c,7.0,carb_sensitivity,7.273,200,0.5423,1.0
hba1c,7.0,carb_sensitivity,7.294,200,0.5482,1.0
hba1c,7.0,carb_sensitivity,7.315,200,0.5529,1.0
hba1c,7.0,carb_sensitivity,7.336,200,0.5571,1.0
hba1c,7.0,carb_sensitivity,7.357,200,0.5614,1.0
hba1c,7.0,carb_sensitivity,7.378,200,0.5658,1.0
hba1c,7.0,carb_sensitivity,7.399,200,0.5701,1.0
hba1c,7.0,carb_sensitivity,7.42,200,0.5703,1.0
fbs,100.0,carb_sensitivity,94.0,200,0.1126,0.465
fbs,100.0,carb_sensitivity,94.3,200,0.1126,0.465
fbs,100.0,carb_sensitivity,94.6,200,0.1126,0.465
fbs,100.0,carb_sensitivity,94.9,200,0.1126,0.465
fbs,100.0,carb_sensitivity,95.2,200,0.1126,0.465
fbs,100.0,carb_sensitivity,95.5,200,0.1126,0.465
fbs,100.0,carb_sensitivity,95.8,200,0.1126,0.465
fbs,100.0,carb_sensitivity,96.1,200,0.1126,0.465
fbs,100.0,carb_sensitivity,96.4,200,0.1126,0.465
fbs,100.0,carb_sensitivity,96.7,200,0.1126,0.465
fbs,100.0,carb_sensitivity,97.0,200,0.1126,0.465
fbs,100.0,carb_sensitivity,97.3,200,0.1126,0.465
fbs,100.0,carb_sensitivity,97.6,200,0.1126,0.465
fbs,100.0,carb_sensitivity,97.9,200,0.1126,0.465
fbs,100.0,carb_sensitivity,98.2,200,0.1126,0.465
fbs,100.0,carb_sensitivity,98.5,200,0.1126,0.465
fbs,100.0,carb_sensitivity,98.8,200,0.1126,0.465
fbs,100.0,carb_sensitivity,99.1,200,0.1126,0.465
fbs,100.0,carb_sensitivity,99.4,200,0.1126,0.465
fbs,100.0,carb_sensitivity,99.7,200,0.1126,0.465
fbs,100.0,carb_sensitivity,100.0,200,0.1126,1.0
fbs,100.0,carb_sensitivity,100.3,200,0.1126,1.0
fbs,100.0,carb_sensitivity,100.6,200,0.1126,1.0
fbs,100.0,carb_sensitivity,100.9,200,0.1126,1.0
fbs,100.0,carb_sensitivity,101.2,200,0.1126,1.0
fbs,100.0,carb_sensitivity,101.5,200,0.1126,1.0
fbs,100.0,carb_sensitivity,101.8,200,0.1126,1.0
fbs,100.0,carb_sensitivity,102.1,200,0.1127,1.0
fbs,100.0,carb_sensitivity,102.4,200,0.1132,1.0
fbs,100.0,carb_sensitivity,102.7,200,0.1137,1.0
fbs,100.0,carb_sensitivity,103.0,200,0.1142,1.0
fbs,100.0,carb_sensitivity,103.3,200,0.1345,1.0
fbs,100.0,carb_sensitivity,103.6,200,0.1574,1.0
fbs,100.0,carb_sensitivity,103.9,200,0.1782,1.0
fbs,100.0,carb_sensitivity,104.2,200,0.1844,1.0
fbs,100.0,carb_sensitivity,104.5,200,0.1844,1.0
fbs,100.0,carb_sensitivity,104.8,200,0.1844,1.0
fbs,100.0,carb_sensitivity,105.1,200,0.1844,1.0
fbs,100.0,carb_sensitivity,105.4,200,0.1844,1.0
fbs,100.0,carb_sensitivity,105.7,200,0.1844,1.0
fbs,100.0,carb_sensitivity,106.0,200,0.1844,1.0
fbs,126.0,carb_sensitivity,118.44,200,0.2628,1.0
fbs,126.0,carb_sensitivity,118.818,200,0.2628,1.0
fbs,126.0,carb_sensitivity,119.196,200,0.2628,1.0
fbs,126.0,carb_sensitivity,119.574,200,0.2628,1.0
fbs,126.0,carb_sensitivity,119.952,200,0.2628,1.0
fbs,126.0,carb_sensitivity,120.33,200,0.2628,1.0
fbs,126.0,carb_sensitivity,120.708,200,0.2628,1.0
fbs,126.0,carb_sensitivity,121.086,200,0.2628,1.0
fbs,126.0,carb_sensitivity,121.464,200,0.2628,1.0
fbs,126.0,carb_sensitivity,121.842,200,0.2628,1.0
fbs,126.0,carb_sensitivity,122.22,200,0.2628,1.0
fbs,126.0,carb_sensitivity,122.598,200,0.2628,1.0
fbs,126.0,carb_sensitivity,122.976,200,0.2628,1.0
fbs,126.0,carb_sensitivity,123.354,200,0.2628,1.0
fbs,126.0,carb_sensitivity,123.732,200,0.2628,1.0
fbs,126.0,carb_sensitivity,124.11,200,0.2628,1.0
fbs,126.0,carb_sensitivity,124.488,200,0.2628,1.0
fbs,126.0,carb_sensitivity,124.866,200,0.2628,1.0
fbs,126.0,carb_sensitivity,125.244,200,0.2628,1.0
fbs,126.0,carb_sensitivity,125.622,200,0.2628,1.0
fbs,126.0,carb_sensitivity,126.0,200,0.2628,1.0
fbs,126.0,carb_sensitivity,126.378,200,0.2628,1.0
fbs,126.0,carb_sensitivity,126.756,200,0.2628,1.0
fbs,126.0,carb_sensitivity,127.134,200,0.2633,1.0
fbs,126.0,carb_sensitivity,127.512,200,0.2648,1.0
fbs,126.0,carb_sensitivity,127.89,200,0.2664,1.0
fbs,126.0,carb_sensitivity,128.268,200,0.2673,1.0
fbs,126.0,carb_sensitivity,128.646,200,0.2679,1.0
fbs,126.0,carb_sensitivity,129.024,200,0.2685,1.0
fbs,126.0,carb_sensitivity,129.402,200,0.2695,1.0
fbs,126.0,carb_sensitivity,129.78,200,0.2705,1.0
fbs,126.0,carb_sensitivity,130.158,200,0.2711,1.0
fbs,126.0,carb_sensitivity,130.536,200,0.2711,1.0
fbs,126.0,carb_sensitivity,130.914,200,0.2711,1.0
fbs,126.0,carb_sensitivity,131.292,200,0.2711,1.0
fbs,126.0,carb_sensitivity,131.67,200,0.2711,1.0
fbs,126.0,carb_sensitivity,132.048,200,0.2713,1.0
fbs,126.0,carb_sensitivity,132.426,200,0.2728,1.0
fbs,126.0,carb_sensitivity,132.804,200,0.2747,1.0
fbs,126.0,carb_sensitivity,133.182,200,0.2758,1.0
fbs,126.0,carb_sensitivity,133.56,200,0.2758,1.0
serum_sodium,145.0,sodium_sensitivity,136.3,200,0.2298,0.66
serum_sodium,145.0,sodium_sensitivity,136.735,200,0.2298,0.66
serum_sodium,145.0,sodium_sensitivity,137.17,200,0.2298,0.66
serum_sodium,145.0,sodium_sensitivity,137.605,200,0.2298,0.66
serum_sodium,145.0,sodium_sensitivity,138.04,200,0.2298,0.66
serum_sodium,145.0,sodium_sensitivity,138.475,200,0.2298,0.66
serum_sodium,145.0,sodium_sensitivity,138.91,200,0.2298,0.66
serum_sodium,145.0,sodium_sensitivity,139.345,200,0.2298,0.66
serum_sodium,145.0,sodium_sensitivity,139.78,200,0.2298,0.66
serum_sodium,145.0,sodium_sensitivity,140.215,200,0.2298,0.66
serum_sodium,145.0,sodium_sensitivity,140.65,200,0.2298,0.66
serum_sodium,145.0,sodium_sensitivity,141.085,200,0.2298,0.66
serum_sodium,145.0,sodium_sensitivity,141.52,200,0.23,0.66
serum_sodium,145.0,sodium_sensitivity,141.955,200,0.2302,0.66
serum_sodium,145.0,sodium_sensitivity,142.39,200,0.2305,0.66
serum_sodium,145.0,sodium_sensitivity,142.825,200,0.2307,0.66
serum_sodium,145.0,sodium_sensitivity,143.26,200,0.2308,0.66
serum_sodium,145.0,sodium_sensitivity,143.695,200,0.2308,0.66
serum_sodium,145.0,sodium_sensitivity,144.13,200,0.2308,0.66
serum_sodium,145.0,sodium_sensitivity,144.565,200,0.2308,0.66
serum_sodium,145.0,sodium_sensitivity,145.0,200,0.2308,0.66
serum_sodium,145.0,sodium_sensitivity,145.435,200,0.2308,1.0
serum_sodium,145.0,sodium_sensitivity,145.87,200,0.2308,1.0
serum_sodium,145.0,sodium_sensitivity,146.305,200,0.231,1.0
serum_sodium,145.0,sodium_sensitivity,146.74,200,0.2312,1.0
serum_sodium,145.0,sodium_sensitivity,147.175,200,0.2314,1.0
serum_sodium,145.0,sodium_sensitivity,147.61,200,0.2314,1.0
serum_sodium,145.0,sodium_sensitivity,148.045,200,0.2314,1.0
serum_sodium,145.0,sodium_sensitivity,148.48,200,0.2314,1.0
serum_sodium,145.0,sodium_sensitivity,148.915,200,0.2314,1.0
serum_sodium,145.0,sodium_sensitivity,149.35,200,0.2314,1.0
serum_sodium,145.0,sodium_sensitivity,149.785,200,0.2314,1.0
serum_sodium,145.0,sodium_sensitivity,150.22,200,0.2314,1.0
serum_sodium,145.0,sodium_sensitivity,150.655,200,0.2314,1.0
serum_sodium,145.0,sodium_sensitivity,151.09,200,0.2314,1.0
serum_sodium,145.0,sodium_sensitivity,151.525,200,0.2314,1.0
serum_sodium,145.0,sodium_sensitivity,151.96,200,0.2314,1.0
serum_sodium,145.0,sodium_sensitivity,152.395,200,0.2314,1.0
serum_sodium,145.0,sodium_sensitivity,152.83,200,0.2314,1.0
serum_sodium,145.0,sodium_sensitivity,153.265,200,0.2314,1.0
serum_sodium,145.0,sodium_sensitivity,153.7,200,0.2314,1.0
serum_sodium,150.0,sodium_sensitivity,141.0,200,0.2467,0.73
serum_sodium,150.0,sodium_sensitivity,141.45,200,0.2469,0.73
serum_sodium,150.0,sodium_sensitivity,141.9,200,0.2471,0.73
serum_sodium,150.0,sodium_sensitivity,142.35,200,0.2475,0.73
serum_sodium,150.0,sodium_sensitivity,142.8,200,0.2479,0.73
serum_sodium,150.0,sodium_sensitivity,143.25,200,0.248,0.73
serum_sodium,150.0,sodium_sensitivity,143.7,200,0.248,0.73
serum_sodium,150.0,sodium_sensitivity,144.15,200,0.248,0.73
serum_sodium,150.0,sodium_sensitivity,144.6,200,0.248,0.73
serum_sodium,150.0,sodium_sensitivity,145.05,200,0.248,1.0
serum_sodium,150.0,sodium_sensitivity,145.5,200,0.248,1.0
serum_sodium,150.0,sodium_sensitivity,145.95,200,0.248,1.0
serum_sodium,150.0,sodium_sensitivity,146.4,200,0.2481,1.0
serum_sodium,150.0,sodium_sensitivity,146.85,200,0.2482,1.0
serum_sodium,150.0,sodium_sensitivity,147.3,200,0.2482,1.0
serum_sodium,150.0,sodium_sensitivity,147.75,200,0.2482,1.0
serum_sodium,150.0,sodium_sensitivity,148.2,200,0.2482,1.0
serum_sodium,150.0,sodium_sensitivity,148.65,200,0.2482,1.0
serum_sodium,150.0,sodium_sensitivity,149.1,200,0.2482,1.0
serum_sodium,150.0,sodium_sensitivity,149.55,200,0.2482,1.0
serum_sodium,150.0,sodium_sensitivity,150.0,200,0.2482,1.0
serum_sodium,150.0,sodium_sensitivity,150.45,200,0.2482,1.0
serum_sodium,150.0,sodium_sensitivity,150.9,200,0.2482,1.0
serum_sodium,150.0,sodium_sensitivity,151.35,200,0.2482,1.0
serum_sodium,150.0,sodium_sensitivity,151.8,200,0.2482,1.0
serum_sodium,150.0,sodium_sensitivity,152.25,200,0.2482,1.0
serum_sodium,150.0,sodium_sensitivity,152.7,200,0.2482,1.0
serum_sodium,150.0,sodium_sensitivity,153.15,200,0.2482,1.0
serum_sodium,150.0,sodium_sensitivity,153.6,200,0.2482,1.0
serum_sodium,150.0,sodium_sensitivity,154.05,200,0.2482,1.0
serum_sodium,150.0,sodium_sensitivity,154.5,200,0.2482,1.0
serum_sodium,150.0,sodium_sensitivity,154.95,200,0.2482,1.0
serum_sodium,150.0,sodium_sensitivity,155.4,200,0.2482,1.0
serum_sodium,150.0,sodium_sensitivity,155.85,200,0.2482,1.0
serum_sodium,150.0,sodium_sensitivity,156.3,200,0.2482,1.0
serum_sodium,150.0,sodium_sensitivity,156.75,200,0.2482,1.0
serum_sodium,150.0,sodium_sensitivity,157.2,200,0.2482,1.0
serum_sodium,150.0,sodium_sensitivity,157.65,200,0.2482,1.0
serum_sodium,150.0,sodium_sensitivity,158.1,200,0.2482,1.0
serum_sodium,150.0,sodium_sensitivity,158.55,200,0.2482,1.0
serum_sodium,150.0,sodium_sensitivity,159.0,200,0.2482,1.0
serum_potassium,4.5,potassium_sensitivity,4.23,200,0.1262,0.375
serum_potassium,4.5,potassium_sensitivity,4.2435,200,0.1284,0.375
serum_potassium,4.5,potassium_sensitivity,4.257,200,0.1307,0.375
serum_potassium,4.5,potassium_sensitivity,4.2705,200,0.133,0.375
serum_potassium,4.5,potassium_sensitivity,4.284,200,0.1354,0.375
serum_potassium,4.5,potassium_sensitivity,4.2975,200,0.1379,0.375
serum_potassium,4.5,potassium_sensitivity,4.311,200,0.1397,0.375
serum_potassium,4.5,potassium_sensitivity,4.3245,200,0.1413,0.375
serum_potassium,4.5,potassium_sensitivity,4.338,200,0.1429,0.375
serum_potassium,4.5,potassium_sensitivity,4.3515,200,0.1446,0.375
serum_potassium,4.5,potassium_sensitivity,4.365,200,0.1463,0.375
serum_potassium,4.5,potassium_sensitivity,4.3785,200,0.148,0.375
serum_potassium,4.5,potassium_sensitivity,4.392,200,0.1497,0.375
serum_potassium,4.5,potassium_sensitivity,4.4055,200,0.1524,0.375
serum_potassium,4.5,potassium_sensitivity,4.419,200,0.1563,0.375
serum_potassium,4.5,potassium_sensitivity,4.4325,200,0.16,0.375
serum_potassium,4.5,potassium_sensitivity,4.446,200,0.1638,0.375
serum_potassium,4.5,potassium_sensitivity,4.4595,200,0.1676,0.375
serum_potassium,4.5,potassium_sensitivity,4.473,200,0.1715,0.375
serum_potassium,4.5,potassium_sensitivity,4.4865,200,0.1753,0.375
serum_potassium,4.5,potassium_sensitivity,4.5,200,0.1794,0.375
serum_potassium,4.5,potassium_sensitivity,4.5135,200,0.1835,1.0
serum_potassium,4.5,potassium_sensitivity,4.527,200,0.1875,1.0
serum_potassium,4.5,potassium_sensitivity,4.5405,200,0.1914,1.0
serum_potassium,4.5,potassium_sensitivity,4.554,200,0.1952,1.0
serum_potassium,4.5,potassium_sensitivity,4.5675,200,0.1991,1.0
serum_potassium,4.5,potassium_sensitivity,4.581,200,0.2029,1.0
serum_potassium,4.5,potassium_sensitivity,4.5945,200,0.2067,1.0
serum_potassium,4.5,potassium_sensitivity,4.608,200,0.2099,1.0
serum_potassium,4.5,potassium_sensitivity,4.6215,200,0.2127,1.0
serum_potassium,4.5,potassium_sensitivity,4.635,200,0.2156,1.0
serum_potassium,4.5,potassium_sensitivity,4.6485,200,0.2185,1.0
serum_potassium,4.5,potassium_sensitivity,4.662,200,0.2212,1.0
serum_potassium,4.5,potassium_sensitivity,4.6755,200,0.2238,1.0
serum_potassium,4.5,potassium_sensitivity,4.689,200,0.2262,1.0
serum_potassium,4.5,potassium_sensitivity,4.7025,200,0.2289,1.0
serum_potassium,4.5,potassium_sensitivity,4.716,200,0.2323,1.0
serum_potassium,4.5,potassium_sensitivity,4.7295,200,0.2355,1.0
serum_potassium,4.5,potassium_sensitivity,4.743,200,0.2388,1.0
serum_potassium,4.5,potassium_sensitivity,4.7565,200,0.2419,1.0
serum_potassium,4.5,potassium_sensitivity,4.77,200,0.2453,1.0
serum_potassium,5.0,potassium_sensitivity,4.7,200,0.2625,1.0
serum_potassium,5.0,potassium_sensitivity,4.715,200,0.2667,1.0
serum_potassium,5.0,potassium_sensitivity,4.73,200,0.2669,1.0
serum_potassium,5.0,potassium_sensitivity,4.745,200,0.2687,1.0
serum_potassium,5.0,potassium_sensitivity,4.76,200,0.2743,1.0
serum_potassium,5.0,potassium_sensitivity,4.775,200,0.2782,1.0
serum_potassium,5.0,potassium_sensitivity,4.79,200,0.2793,1.0
serum_potassium,5.0,potassium_sensitivity,4.805,200,0.2848,1.0
serum_potassium,5.0,potassium_sensitivity,4.82,200,0.2907,1.0
serum_potassium,5.0,potassium_sensitivity,4.835,200,0.2969,1.0
serum_potassium,5.0,potassium_sensitivity,4.85,200,0.3042,1.0
serum_potassium,5.0,potassium_sensitivity,4.865,200,0.3114,1.0
serum_potassium,5.0,potassium_sensitivity,4.88,200,0.3186,1.0
serum_potassium,5.0,potassium_sensitivity,4.895,200,0.3249,1.0
serum_potassium,5.0,potassium_sensitivity,4.91,200,0.3279,1.0
serum_potassium,5.0,potassium_sensitivity,4.925,200,0.3296,1.0
serum_potassium,5.0,potassium_sensitivity,4.94,200,0.3312,1.0
serum_potassium,5.0,potassium_sensitivity,4.955,200,0.3326,1.0
serum_potassium,5.0,potassium_sensitivity,4.97,200,0.3338,1.0
serum_potassium,5.0,potassium_sensitivity,4.985,200,0.3348,1.0
serum_potassium,5.0,potassium_sensitivity,5.0,200,0.3357,1.0
serum_potassium,5.0,potassium_sensitivity,5.015,200,0.3406,1.0
serum_potassium,5.0,potassium_sensitivity,5.03,200,0.3459,1.0
serum_potassium,5.0,potassium_sensitivity,5.045,200,0.351,1.0
serum_potassium,5.0,potassium_sensitivity,5.06,200,0.3568,1.0
serum_potassium,5.0,potassium_sensitivity,5.075,200,0.3618,1.0
serum_potassium,5.0,potassium_sensitivity,5.09,200,0.3678,1.0
serum_potassium,5.0,potassium_sensitivity,5.105,200,0.3731,1.0
serum_potassium,5.0,potassium_sensitivity,5.12,200,0.3766,1.0
serum_potassium,5.0,potassium_sensitivity,5.135,200,0.3804,1.0
serum_potassium,5.0,potassium_sensitivity,5.15,200,0.3844,1.0
serum_potassium,5.0,potassium_sensitivity,5.165,200,0.3882,1.0
serum_potassium,5.0,potassium_sensitivity,5.18,200,0.3918,1.0
serum_potassium,5.0,potassium_sensitivity,5.195,200,0.3956,1.0
serum_potassium,5.0,potassium_sensitivity,5.21,200,0.399,1.0
serum_potassium,5.0,potassium_sensitivity,5.225,200,0.4021,1.0
serum_potassium,5.0,potassium_sensitivity,5.24,200,0.4048,1.0
serum_potassium,5.0,potassium_sensitivity,5.255,200,0.4074,1.0
serum_potassium,5.0,potassium_sensitivity,5.27,200,0.4105,1.0
serum_potassium,5.0,potassium_sensitivity,5.285,200,0.4126,1.0
serum_potassium,5.0,potassium_sensitivity,5.3,200,0.4152,1.0
egfr,60.0,protein_restriction,56.4,200,0.198,1.0
egfr,60.0,protein_restriction,56.58,200,0.198,1.0
egfr,60.0,protein_restriction,56.76,200,0.198,1.0
egfr,60.0,protein_restriction,56.94,200,0.198,1.0
egfr,60.0,protein_restriction,57.12,200,0.198,1.0
egfr,60.0,protein_restriction,57.3,200,0.198,1.0
egfr,60.0,protein_restriction,57.48,200,0.198,1.0
egfr,60.0,protein_restriction,57.66,200,0.198,1.0
egfr,60.0,protein_restriction,57.84,200,0.198,1.0
egfr,60.0,protein_restriction,58.02,200,0.198,1.0
egfr,60.0,protein_restriction,58.2,200,0.198,1.0
egfr,60.0,protein_restriction,58.38,200,0.196,1.0
egfr,60.0,protein_restriction,58.56,200,0.1898,1.0
egfr,60.0,protein_restriction,58.74,200,0.1898,1.0
egfr,60.0,protein_restriction,58.92,200,0.1898,1.0
egfr,60.0,protein_restriction,59.1,200,0.1898,1.0
egfr,60.0,protein_restriction,59.28,200,0.1898,1.0
egfr,60.0,protein_restriction,59.46,200,0.1898,1.0
egfr,60.0,protein_restriction,59.64,200,0.1898,1.0
egfr,60.0,protein_restriction,59.82,200,0.1898,1.0
egfr,60.0,protein_restriction,60.0,200,0.1898,0.21
egfr,60.0,protein_restriction,60.18,200,0.1898,0.21
egfr,60.0,protein_restriction,60.36,200,0.1797,0.21
egfr,60.0,protein_restriction,60.54,200,0.1797,0.21
egfr,60.0,protein_restriction,60.72,200,0.1797,0.21
egfr,60.0,protein_restriction,60.9,200,0.1797,0.21
egfr,60.0,protein_restriction,61.08,200,0.1797,0.21
egfr,60.0,protein_restriction,61.26,200,0.1797,0.21
egfr,60.0,protein_restriction,61.44,200,0.1786,0.21
egfr,60.0,protein_restriction,61.62,200,0.1786,0.21
egfr,60.0,protein_restriction,61.8,200,0.1763,0.21
egfr,60.0,protein_restriction,61.98,200,0.1763,0.21
egfr,60.0,protein_restriction,62.16,200,0.1763,0.21
egfr,60.0,protein_restriction,62.34,200,0.1763,0.21
egfr,60.0,protein_restriction,62.52,200,0.1763,0.21
egfr,60.0,protein_restriction,62.7,200,0.1763,0.21
egfr,60.0,protein_restriction,62.88,200,0.1763,0.21
egfr,60.0,protein_restriction,63.06,200,0.1763,0.21
egfr,60.0,protein_restriction,63.24,200,0.1763,0.21
egfr,60.0,protein_restriction,63.42,200,0.1763,0.21
egfr,60.0,protein_restriction,63.6,200,0.1763,0.21
egfr,30.0,protein_restriction,28.2,200,0.3133,1.0
egfr,30.0,protein_restriction,28.29,200,0.3133,1.0
egfr,30.0,protein_restriction,28.38,200,0.3133,1.0
egfr,30.0,protein_restriction,28.47,200,0.3113,1.0
egfr,30.0,protein_restriction,28.56,200,0.3113,1.0
egfr,30.0,protein_restriction,28.65,200,0.3113,1.0
egfr,30.0,protein_restriction,28.74,200,0.3113,1.0
egfr,30.0,protein_restriction,28.83,200,0.3113,1.0
egfr,30.0,protein_restriction,28.92,200,0.3113,1.0
egfr,30.0,protein_restriction,29.01,200,0.3113,1.0
egfr,30.0,protein_restriction,29.1,200,0.3113,1.0
egfr,30.0,protein_restriction,29.19,200,0.3113,1.0
egfr,30.0,protein_restriction,29.28,200,0.3113,1.0
egfr,30.0,protein_restriction,29.37,200,0.3113,1.0
egfr,30.0,protein_restriction,29.46,200,0.3113,1.0
egfr,30.0,protein_restriction,29.55,200,0.3113,1.0
egfr,30.0,protein_restriction,29.64,200,0.3113,1.0
egfr,30.0,protein_restriction,29.73,200,0.3113,1.0
egfr,30.0,protein_restriction,29.82,200,0.3113,1.0
egfr,30.0,protein_restriction,29.91,200,0.3113,1.0
egfr,30.0,protein_restriction,30.0,200,0.3113,1.0
egfr,30.0,protein_restriction,30.09,200,0.3113,1.0
egfr,30.0,protein_restriction,30.18,200,0.3113,1.0
egfr,30.0,protein_restriction,30.27,200,0.3113,1.0
egfr,30.0,protein_restriction,30.36,200,0.3113,1.0
egfr,30.0,protein_restriction,30.45,200,0.3113,1.0
egfr,30.0,protein_restriction,30.54,200,0.3113,1.0
egfr,30.0,protein_restriction,30.63,200,0.3113,1.0
egfr,30.0,protein_restriction,30.72,200,0.3113,1.0
egfr,30.0,protein_restriction,30.81,200,0.3113,1.0
egfr,30.0,protein_restriction,30.9,200,0.3113,1.0
egfr,30.0,protein_restriction,30.99,200,0.3113,1.0
egfr,30.0,protein_restriction,31.08,200,0.3113,1.0
egfr,30.0,protein_restriction,31.17,200,0.3113,1.0
egfr,30.0,protein_restriction,31.26,200,0.3113,1.0
egfr,30.0,protein_restriction,31.35,200,0.3113,1.0
egfr,30.0,protein_restriction,31.44,200,0.3113,1.0
egfr,30.0,protein_restriction,31.53,200,0.3113,1.0
egfr,30.0,protein_restriction,31.62,200,0.3113,1.0
egfr,30.0,protein_restriction,31.71,200,0.3113,1.0
egfr,30.0,protein_restriction,31.8,200,0.3113,1.0
creatinine,2.0,protein_restriction,1.88,200,0.3124,1.0
creatinine,2.0,protein_restriction,1.886,200,0.3125,1.0
creatinine,2.0,protein_restriction,1.892,200,0.3127,1.0
creatinine,2.0,protein_restriction,1.898,200,0.3127,1.0
creatinine,2.0,protein_restriction,1.904,200,0.3129,1.0
creatinine,2.0,protein_restriction,1.91,200,0.3131,1.0
creatinine,2.0,protein_restriction,1.916,200,0.3133,1.0
creatinine,2.0,protein_restriction,1.922,200,0.3137,1.0
creatinine,2.0,protein_restriction,1.928,200,0.3138,1.0
creatinine,2.0,protein_restriction,1.934,200,0.3142,1.0
creatinine,2.0,protein_restriction,1.94,200,0.3146,1.0
creatinine,2.0,protein_restriction,1.946,200,0.3146,1.0
creatinine,2.0,protein_restriction,1.952,200,0.3145,1.0
creatinine,2.0,protein_restriction,1.958,200,0.3146,1.0
creatinine,2.0,protein_restriction,1.964,200,0.3149,1.0
creatinine,2.0,protein_restriction,1.97,200,0.315,1.0
creatinine,2.0,protein_restriction,1.976,200,0.3151,1.0
creatinine,2.0,protein_restriction,1.982,200,0.3153,1.0
creatinine,2.0,protein_restriction,1.988,200,0.3154,1.0
creatinine,2.0,protein_restriction,1.994,200,0.3159,1.0
creatinine,2.0,protein_restriction,2.0,200,0.3159,1.0
creatinine,2.0,protein_restriction,2.006,200,0.3161,1.0
creatinine,2.0,protein_restriction,2.012,200,0.3165,1.0
creatinine,2.0,protein_restriction,2.018,200,0.3166,1.0
creatinine,2.0,protein_restriction,2.024,200,0.3169,1.0
creatinine,2.0,protein_restriction,2.03,200,0.3173,1.0
creatinine,2.0,protein_restriction,2.036,200,0.3178,1.0
creatinine,2.0,protein_restriction,2.042,200,0.3178,1.0
creatinine,2.0,protein_restriction,2.048,200,0.3182,1.0
creatinine,2.0,protein_restriction,2.054,200,0.3184,1.0
creatinine,2.0,protein_restriction,2.06,200,0.3185,1.0
creatinine,2.0,protein_restriction,2.066,200,0.3188,1.0
creatinine,2.0,protein_restriction,2.072,200,0.319,1.0
creatinine,2.0,protein_restriction,2.078,200,0.3194,1.0
creatinine,2.0,protein_restriction,2.084,200,0.3197,1.0
creatinine,2.0,protein_restriction,2.09,200,0.32,1.0
creatinine,2.0,protein_restriction,2.096,200,0.32,1.0
creatinine,2.0,protein_restriction,2.102,200,0.3203,1.0
creatinine,2.0,protein_restriction,2.108,200,0.3206,1.0
creatinine,2.0,protein_restriction,2.114,200,0.3208,1.0
creatinine,2.0,protein_restriction,2.12,200,0.321,1.0
