sex_male,race_white,years_experience,referred,gcse,a_level,russell_group,honours,years_volunteer,income,it_skills,years_gaps,quality_cv,employed_yes
1,1,5,1,7,2,0,0,1,28554.97908363694,3,0,2,1
1,0,5,1,7,3,1,0,0,30581.342099446094,2,0,0,1
1,0,5,1,8,4,0,0,0,13390.336836579741,3,0,2,1
1,1,6,1,9,4,1,1,1,34458.259579081896,2,0,1,1
0,1,5,0,6,2,0,1,0,24370.167778230803,2,1,2,0
1,1,9,0,8,3,1,1,0,35030.59176108077,3,0,3,1
0,0,5,1,6,4,1,1,1,34478.33142442173,2,0,0,0
1,0,2,0,6,2,0,0,0,16930.56342607035,2,0,2,0
1,1,7,1,7,3,1,1,0,45597.510038186156,3,0,2,1
0,0,1,1,7,4,1,1,1,18145.642488819387,2,1,1,0
1,0,4,0,4,4,1,1,0,17340.966078739235,2,0,3,0
0,1,7,1,6,4,1,1,0,28104.311360247102,1,1,3,1
0,0,8,0,6,3,0,1,0,25945.50272775427,3,5,2,0
1,0,0,0,5,3,0,1,0,14767.868747197677,2,0,2,0
0,0,5,0,6,3,0,0,1,26635.21566430474,1,1,1,0
0,1,2,0,7,3,0,0,0,28634.548792757312,1,0,2,0
0,0,2,0,6,3,0,1,1,18492.548232329173,2,1,2,0
0,1,10,0,6,2,0,0,2,33834.35128123757,2,4,2,0
1,1,5,1,7,3,0,1,0,29892.096885254818,0,0,1,1
1,1,2,1,5,3,0,1,1,23631.86486432176,2,0,3,0
0,1,7,1,7,3,0,0,0,32713.40788924814,1,2,1,0
0,1,6,1,8,4,1,1,1,29454.539950899853,1,0,3,1
0,0,5,1,8,3,1,1,1,26469.97320502092,0,0,1,1
0,0,4,1,4,2,0,1,2,28033.923234771686,1,0,2,0
1,1,3,1,9,3,1,1,2,28574.63870625963,0,0,2,1
0,1,6,0,10,3,1,1,0,28684.92172255168,0,3,1,0
1,1,8,1,8,3,1,1,1,34092.85895245759,3,0,2,1
0,0,3,1,8,4,1,1,1,26587.62417188965,0,0,3,0
0,1,5,1,4,2,0,0,0,25152.92343950238,1,2,0,0
0,1,6,1,7,3,1,0,2,37077.91103826989,0,2,3,0
1,1,6,1,9,4,1,0,1,33240.73674052587,3,0,1,1
0,1,2,0,6,4,0,1,0,23883.171655142563,1,0,1,0
1,0,7,0,7,3,0,1,1,36116.8790771154,3,0,3,0
1,1,4,1,7,4,1,1,0,31744.40915651836,2,0,2,1
1,0,3,1,5,3,0,1,0,27089.793751938338,3,0,1,0
0,1,7,0,8,4,1,1,2,40367.63662499053,2,1,3,1
0,0,6,0,5,3,0,1,0,20364.34669900821,2,3,2,0
1,0,6,1,6,3,0,1,0,25054.174630357953,2,0,3,1
0,0,4,1,5,0,0,1,0,20605.9271048094,1,0,1,0
1,0,5,1,6,2,0,0,1,23725.591018786457,2,3,2,0
0,0,4,0,7,4,1,0,3,33433.30413925491,3,1,2,0
1,1,7,1,9,3,0,1,0,24729.33169755999,2,0,1,1
0,1,0,1,7,3,0,1,0,16583.854783488274,1,0,2,0
1,1,0,1,9,3,0,0,1,16650.129596677063,3,0,1,0
1,0,4,1,6,2,0,0,0,20965.10866680032,2,1,2,0
0,0,4,0,6,4,0,1,1,25376.775999278318,0,1,2,0
0,1,9,1,5,4,0,1,0,20476.62589734904,1,3,1,1
0,1,4,1,6,3,0,0,0,32038.815378257816,1,2,2,0
0,1,4,0,10,4,1,1,0,32878.98356445466,2,0,2,0
1,0,1,1,7,3,1,1,3,19881.42597283707,2,0,1,0
1,0,3,0,7,2,0,0,0,36619.28045030571,1,0,1,0
1,1,6,1,7,4,1,1,0,44708.41362308993,3,0,2,1
0,1,7,0,6,3,0,1,0,17422.532393303212,2,1,2,0
1,1,5,0,7,4,0,0,0,32652.36977405959,2,0,3,1
1,1,5,1,8,4,1,1,0,26449.72425600992,1,0,3,1
0,1,6,1,9,4,1,1,1,26683.84816823834,0,0,2,1
0,1,8,1,10,3,1,1,1,39123.330829515005,2,0,2,1
0,1,6,0,8,3,0,0,0,24753.581078610066,2,1,1,0
1,0,5,0,7,4,1,1,1,30220.627367871173,3,0,2,0
0,0,6,0,5,4,1,1,0,34512.54599061479,2,1,2,0
1,0,3,1,7,3,0,1,0,18488.283590393024,1,0,3,0
0,0,5,0,5,1,0,0,1,18019.050012123687,1,3,1,0
1,1,2,1,8,4,1,1,0,28470.631867677756,3,0,2,1
0,0,0,1,6,1,0,0,0,15624.269154340825,2,0,2,0
0,1,5,1,4,2,0,0,0,25896.00237455383,1,1,1,0
0,1,4,0,10,3,1,1,1,36735.79646704302,1,0,0,0
1,1,2,1,9,2,1,1,1,26404.87128108923,3,0,3,1
0,0,2,0,6,4,1,1,1,29221.699256767897,0,0,3,0
1,1,9,1,6,3,0,1,1,28078.5811536184,2,1,1,1
0,1,7,0,7,3,1,1,0,23491.929494973516,2,0,2,1
0,0,6,0,6,2,0,1,0,24830.678841278746,3,0,2,0
0,0,3,0,6,3,0,0,0,24268.246208969493,2,0,2,0
1,0,7,0,8,2,1,1,0,28977.739282452432,1,1,2,0
0,0,1,1,6,2,0,0,0,22801.976669461357,3,1,2,0
0,0,3,1,7,3,1,1,0,23541.842241835595,1,0,1,0
1,1,9,1,10,4,0,1,0,50816.10003343741,2,1,1,1
0,0,5,0,4,1,0,1,0,27300.038636800728,1,0,2,0
0,0,1,0,5,2,0,1,0,19624.75840408995,0,0,1,0
1,1,1,0,6,1,0,0,0,21088.137810788376,2,0,1,0
0,0,4,0,4,2,0,1,0,18747.629281982565,2,0,1,0
1,1,6,0,6,3,0,1,0,34421.50334935977,1,0,1,0
0,1,2,1,10,4,0,1,0,22309.9834321806,1,0,0,0
1,1,5,1,8,3,1,1,2,24554.272553900406,3,0,3,1
0,1,5,1,8,4,1,1,2,26729.074365522705,1,0,2,0
1,1,3,1,6,3,0,0,1,27436.498167241116,3,0,2,1
1,1,7,1,10,4,0,1,0,16065.733390696081,1,1,2,1
0,0,1,0,6,3,0,0,0,19829.4302004057,0,0,1,0
0,0,7,0,6,2,0,1,0,24895.55734566296,1,1,1,0
1,0,13,0,7,3,0,1,0,27117.74269133005,1,0,2,1
0,1,4,1,6,4,1,1,1,34122.57578009298,0,1,3,0
1,0,9,1,8,3,1,1,0,31123.9458024625,0,1,1,1
0,0,1,0,4,3,0,0,0,21232.7484007791,1,0,2,0
1,0,0,0,7,2,0,0,1,15350.350320805497,3,0,2,0
0,1,10,0,9,4,0,1,0,32186.056734425863,0,1,0,1
0,1,2,1,9,3,1,1,0,32528.235243732637,1,1,2,0
1,0,8,0,5,3,0,1,0,25459.040804781056,2,0,0,0
0,1,6,0,9,4,1,0,3,26946.49343259691,2,0,2,0
1,0,3,0,6,3,0,1,0,25713.84211053213,2,0,1,0
1,0,10,1,4,2,0,1,0,23671.188504933656,2,2,0,1
1,1,7,1,8,3,1,1,0,44462.77997599016,2,0,1,1
1,0,6,0,5,1,0,1,0,15772.448859278331,2,0,1,0
0,0,1,1,7,4,1,1,0,21234.215046313177,1,0,1,0
0,0,6,1,6,4,1,1,0,28824.895109171197,0,1,2,1
0,1,6,1,4,3,0,0,0,32740.379728187374,0,1,0,0
0,0,3,0,7,4,1,1,3,18437.009424385586,2,1,2,0
0,0,6,0,8,3,1,1,0,33054.777973942655,2,2,2,0
1,0,13,0,8,3,0,1,2,36674.027661426786,3,1,3,1
0,0,2,0,5,2,0,1,2,22969.784871253545,1,1,2,0
0,1,4,0,5,4,1,1,1,23370.649556377597,1,0,1,0
1,0,11,1,5,2,0,1,2,38108.079398251386,2,3,3,1
0,0,5,1,5,3,0,0,0,22688.71748929986,1,1,1,0
1,1,2,1,6,2,0,1,0,29155.108657324792,2,0,2,0
0,0,5,0,7,2,0,0,0,33853.26973457622,1,2,2,0
1,0,7,1,6,3,0,0,0,33837.25394682191,2,1,1,0
1,1,2,1,9,4,0,1,1,25463.734389948695,1,0,2,1
1,0,8,1,6,3,0,0,0,21373.665384340486,3,0,2,1
0,0,4,0,8,3,0,1,0,17669.304333541793,1,1,2,0
1,0,8,1,5,2,0,0,0,31141.727740385555,1,0,2,1
1,0,5,0,4,2,0,1,2,36111.7956873525,2,1,2,0
0,0,5,0,7,3,1,1,1,30437.612328293355,2,1,3,1
1,1,6,1,7,1,0,0,1,23855.502319440784,2,0,3,1
0,1,4,1,9,4,1,1,0,30813.02672525019,1,0,1,1
0,0,6,0,6,0,0,0,1,26464.001657124503,0,0,0,0
0,0,0,1,6,4,1,1,0,17651.40228346517,1,0,2,0
1,1,0,1,9,3,0,1,2,16286.795197021966,2,0,1,0
0,0,6,0,7,3,1,0,0,22540.239463527752,0,1,1,0
0,0,8,1,6,2,0,0,0,26297.84432211346,2,0,2,0
0,0,6,0,6,3,0,1,0,32509.6204064779,3,0,2,0
1,1,4,1,8,4,1,1,1,24262.547924631126,3,0,2,1
1,1,2,1,6,2,0,0,0,15509.073071873165,3,0,2,0
0,0,2,1,8,3,1,1,0,23084.764274094814,0,1,2,0
0,1,1,1,8,3,0,1,0,19147.627244401672,1,0,1,0
1,1,4,1,9,4,1,1,0,27317.729424885325,1,0,2,0
1,1,2,0,7,3,1,1,1,29498.600469415043,2,0,2,0
1,0,11,1,4,2,0,1,0,30077.159461722837,3,0,2,1
1,1,9,1,7,3,0,0,1,24430.14506427107,2,1,2,1
1,0,5,1,4,1,0,0,2,32985.19048294782,3,0,1,0
1,1,2,1,9,4,1,1,0,24910.450732048033,3,2,1,1
1,1,6,1,10,4,1,1,0,30272.171129212617,2,0,1,1
0,1,5,1,8,4,0,1,0,25218.923033608215,0,0,1,1
1,1,8,1,8,2,0,1,0,33987.936294666084,1,1,3,1
1,0,11,0,7,3,0,1,0,43083.26209683135,1,2,0,1
1,1,6,1,9,3,0,0,1,22869.829969437254,2,0,3,1
0,1,4,1,6,2,0,0,0,22009.496698822342,1,1,1,0
0,1,2,1,7,4,1,1,1,26551.978487299923,2,0,1,0
1,0,3,0,6,2,0,0,0,21742.55791992487,2,0,2,0
0,0,3,0,3,2,0,0,0,24883.435301293153,0,1,0,0
1,1,3,0,5,2,1,1,0,28339.389906030523,0,0,3,0
0,0,8,1,4,3,0,1,0,34161.76509415408,2,0,2,1
1,1,7,1,9,4,1,1,0,47263.9555619165,2,0,1,1
0,1,4,0,8,3,1,0,1,23338.52563239206,2,0,3,1
0,1,4,1,9,3,0,0,2,29296.214031896554,2,0,2,1
1,0,4,1,4,1,0,1,0,30006.91572830324,2,1,2,0
1,0,5,0,4,0,0,0,2,22362.263644014733,3,0,3,0
1,1,3,1,8,3,1,1,1,27526.692258995456,1,0,0,0
1,0,7,0,9,2,0,1,0,36215.509110406274,3,1,2,1
1,0,5,1,8,3,0,0,0,27700.09243715288,2,0,2,1
1,0,3,0,6,3,0,1,0,24201.71309606846,2,0,1,0
1,0,8,1,6,4,1,1,0,45076.146707875254,1,1,2,1
1,0,7,0,4,4,1,1,2,42284.65189983236,2,0,2,0
0,0,3,0,6,1,1,1,1,30186.117874473886,3,1,3,0
1,1,4,1,9,3,1,1,0,23804.883698450685,1,1,3,0
1,0,5,1,4,2,0,1,0,28232.02351764264,2,0,1,0
1,0,2,1,6,3,0,0,0,27521.182023294736,2,0,1,0
1,1,4,1,8,3,1,1,1,37561.828986856344,3,0,2,1
1,1,1,1,10,3,0,0,1,24151.970481780365,2,0,2,0
1,1,6,1,5,2,0,1,1,35612.51460548634,1,0,3,0
0,0,6,0,6,3,0,1,0,20882.305564270224,2,1,3,0
0,1,6,1,7,4,1,1,0,33018.297267660884,1,0,1,1
1,0,1,1,7,2,0,1,1,17658.787166868467,2,0,0,0
1,1,6,1,9,4,1,1,0,26986.035260088076,3,0,2,1
1,0,3,0,4,1,1,1,0,26927.700328403498,2,0,3,0
0,0,2,1,7,2,0,0,1,22976.44085114144,1,0,2,0
1,1,6,1,9,3,0,0,0,25694.740081114513,3,1,2,0
0,1,9,0,8,3,0,1,0,26600.21949189624,1,2,2,1
1,0,7,1,6,2,0,1,0,16807.346471809156,1,1,2,1
1,1,4,1,8,4,1,1,1,44811.06932210272,2,0,1,1
0,0,5,0,6,4,1,1,0,30464.31090149857,0,2,1,0
1,0,6,1,8,3,1,0,0,31443.35878391605,1,1,0,1
0,1,10,1,7,2,0,0,1,41370.83869192951,2,1,3,1
0,0,3,0,6,2,0,0,2,21956.826302012978,1,0,2,0
1,1,3,1,9,3,1,1,0,29206.33279512737,1,1,2,1
0,1,6,0,8,4,1,0,1,27777.762454707856,1,0,1,1
1,1,6,0,7,4,0,1,1,33197.017481536954,2,0,2,0
0,0,3,0,6,3,0,0,0,22983.256635574926,2,1,0,0
1,1,7,1,6,3,0,1,0,41907.84723147411,2,1,1,0
1,0,4,0,3,1,0,0,0,29658.650254854245,3,0,0,0
0,0,9,0,6,4,1,1,0,32722.505454735605,0,2,3,1
0,1,3,0,9,4,1,1,1,31216.46733437801,0,0,2,0
0,0,2,0,6,3,0,1,0,22298.14241184073,0,0,1,0
0,0,5,1,6,4,1,1,1,29228.896660730446,1,1,1,0
1,1,12,1,7,3,1,0,0,40346.20430863692,2,0,2,1
1,1,2,1,10,3,0,1,1,20115.781006790392,2,0,2,1
0,0,13,0,4,1,0,0,0,36160.71549541485,2,1,2,1
1,0,3,1,5,3,0,0,0,28560.332367969422,3,0,1,0
0,0,6,0,7,4,1,1,0,30281.156134845052,1,2,0,0
1,1,6,1,9,3,0,1,1,35485.34309038593,3,0,1,1
1,0,3,1,7,3,1,1,0,27581.092874341422,3,0,3,0
1,0,3,0,7,3,0,1,0,19798.777123315696,3,0,2,0
0,1,1,1,6,3,0,0,0,19374.183704274994,0,0,3,0
0,0,10,0,5,2,0,1,0,32847.68268756033,1,2,3,1
1,0,8,1,6,3,0,1,0,22009.85289302385,0,1,3,1
0,1,7,0,9,4,1,1,0,36576.14950926,2,0,0,0
1,0,3,0,7,4,1,1,0,22460.328696886492,2,0,3,0
1,1,8,1,10,3,0,1,0,31630.489029569893,2,1,3,1
0,1,6,1,5,4,0,1,0,34246.33662153491,1,1,0,1
0,1,1,1,7,4,1,0,0,25446.320213503277,1,0,1,0
1,0,10,1,4,1,0,0,1,35770.12981196697,2,0,1,1
0,0,2,0,7,2,0,1,1,27688.832903364153,1,0,1,0
0,1,0,0,6,4,0,1,0,17857.371365175637,2,0,2,0
0,0,7,0,6,2,0,1,0,34126.42816624875,1,1,3,0
1,0,4,1,5,2,0,1,0,17619.012796470455,2,0,2,0
1,0,11,0,6,2,0,1,0,32587.817520814635,2,3,2,1
1,1,9,1,8,3,0,0,0,31665.191076614603,2,0,0,1
0,0,3,1,6,2,0,1,0,25050.1627137344,1,1,2,0
1,0,6,1,7,4,1,1,4,24327.31272623955,2,1,1,1
0,0,5,0,9,2,0,1,1,27442.203597839987,0,1,3,0
1,0,8,1,7,3,1,1,0,30184.96880965314,2,0,3,1
1,1,6,1,8,3,0,1,2,33018.489019826484,2,0,2,1
0,0,4,0,3,4,1,1,1,31474.998344438824,1,0,3,0
1,1,6,1,7,3,0,0,0,32504.385511773988,3,1,2,0
0,1,0,0,7,4,1,1,0,20361.599034145504,1,0,2,0
1,0,5,1,3,1,0,0,0,28500.155132365533,3,1,2,0
1,0,8,0,5,3,0,1,0,27693.25870964833,2,1,1,0
0,1,1,0,8,4,1,1,0,27318.502147799205,1,0,0,0
1,1,6,1,9,3,0,0,0,31667.558545601027,1,0,1,1
1,0,8,0,8,3,0,0,1,29392.94062715006,2,1,0,1
0,0,5,0,8,3,1,1,0,28284.847609033168,0,0,2,0
0,0,4,0,4,2,0,0,1,25775.73509341235,2,3,1,0
1,0,6,0,4,4,1,1,1,24864.393871393564,1,0,0,0
0,1,4,1,9,4,1,1,0,26459.365679957762,2,2,3,0
0,0,1,0,9,4,1,0,0,25148.929551698046,2,1,1,0
0,0,3,0,6,1,0,1,1,27224.73654982338,3,0,1,0
0,0,7,0,8,3,0,0,4,25472.125208819925,0,4,2,0
0,1,3,1,4,3,0,1,0,31467.653993946496,1,1,1,0
1,1,4,1,8,4,1,1,1,32137.19114041693,3,1,2,1
0,1,6,1,10,4,1,1,1,35771.26592934893,1,0,1,1
0,1,5,0,7,3,1,1,0,31965.16385202795,2,0,2,1
1,0,5,0,5,2,0,0,3,16757.192735566146,3,1,2,0
1,0,4,1,3,4,1,1,2,23344.05983773229,3,0,0,0
0,1,5,0,8,4,1,1,1,34411.648857689215,1,1,2,1
0,1,4,1,7,4,0,1,2,20949.09047451359,1,1,2,0
1,1,2,1,10,3,0,1,1,19780.643071032056,2,0,0,0
1,1,9,1,10,4,0,1,0,34250.24161112088,1,0,2,1
0,1,10,1,9,4,1,0,2,31444.04246663946,1,1,1,1
1,1,0,1,8,4,1,1,1,20530.292359065945,2,0,2,0
0,0,10,1,7,3,0,1,0,35793.37562683517,2,3,2,1
0,0,3,0,7,4,1,1,1,27714.604106979645,1,1,2,0
1,1,8,1,7,3,0,1,0,23464.93437577462,2,1,3,1
0,1,6,1,8,4,0,1,1,21403.67829059239,1,0,2,1
0,0,4,1,7,3,1,1,0,33536.471286928056,2,0,0,0
0,1,4,0,8,4,0,1,0,32300.769573728754,1,0,2,1
1,1,2,1,7,4,1,0,1,27850.21246945066,3,0,2,0
1,0,5,0,6,2,0,1,0,33558.833659188254,1,0,3,0
0,1,7,0,6,3,0,1,1,34322.88710994863,1,2,2,0
1,0,5,1,6,2,0,0,0,21243.105903577038,2,0,3,0
1,0,1,1,7,3,0,1,1,18059.372293789205,2,0,3,0
0,1,8,1,6,4,1,1,0,35329.11901415788,1,1,2,1
0,1,4,0,8,3,1,1,0,30370.759479655553,2,0,2,0
1,1,2,1,6,2,0,1,0,16553.29984562204,2,0,1,0
1,1,2,1,6,4,0,1,0,26365.335731726685,2,0,2,0
1,1,8,1,8,3,1,0,0,22479.569722770408,3,0,2,1
0,1,5,1,3,3,0,0,2,24002.431805106295,0,2,1,0
1,1,5,1,8,4,1,1,1,39550.892650450456,2,0,1,1
0,0,5,0,5,3,0,1,1,34692.87645025442,2,0,3,0
0,1,5,1,7,3,0,1,0,24638.11354961046,1,0,2,1
1,0,1,0,7,4,1,1,0,25317.00812088293,1,1,1,0
0,0,3,0,6,3,0,0,0,26022.70144961476,2,1,3,0
1,1,8,1,9,4,1,1,0,25501.48231721453,2,0,2,1
0,1,2,0,8,4,1,1,0,18269.75948716378,1,0,3,0
0,0,6,1,2,0,0,0,0,34808.990847397836,0,1,1,0
1,0,1,0,4,4,1,1,0,19758.02171127725,3,0,1,0
1,1,8,0,9,4,1,1,0,40480.527453895134,2,0,2,1
0,0,9,1,6,4,1,1,1,20354.084156358156,1,0,3,1
1,0,10,1,5,2,0,0,1,30644.53031291473,2,3,2,1
0,0,8,0,5,3,1,1,0,32465.253602925965,2,0,3,0
0,1,7,0,7,4,1,1,0,29138.1960006572,0,1,2,0
0,0,4,0,6,2,1,1,1,24576.419228259663,0,0,3,0
1,0,9,0,3,3,0,0,0,31305.79274841837,3,1,1,0
1,1,3,1,8,4,1,1,0,35035.30725578937,2,0,2,1
1,1,7,1,7,2,0,0,1,18336.179571359193,2,0,2,1
1,0,6,0,4,0,0,0,1,19663.812503628287,1,1,3,0
0,1,11,1,9,3,1,1,1,41693.47275845643,3,1,3,1
0,1,7,0,8,2,0,1,1,41766.1383449808,1,1,3,0
0,0,6,0,5,3,0,0,1,23830.29983506583,2,0,1,1
0,1,4,0,6,3,0,1,0,17195.746010835537,0,1,1,0
1,1,1,1,7,4,1,1,0,22755.187006077806,3,0,2,1
1,1,6,1,8,4,1,1,1,28719.48543664182,2,1,2,1
0,1,3,0,8,3,1,1,0,25836.926748612204,2,1,3,0
1,1,4,1,8,3,0,0,0,37675.41004465065,1,0,3,0
1,1,5,1,10,4,1,1,0,34061.210505604315,1,2,3,1
0,1,2,1,9,4,1,0,1,28656.80845023676,2,0,2,0
0,1,4,0,4,3,1,1,1,35802.49244705016,3,1,2,0
0,1,3,0,7,3,0,1,0,22442.59746223818,0,1,3,0
0,1,4,1,7,2,1,1,1,27782.567804908726,1,1,2,0
1,1,3,0,7,3,1,1,2,34841.38510255922,3,0,2,0
0,0,3,1,6,4,1,1,1,26801.983718031377,1,1,2,0
0,1,7,1,6,2,1,1,1,36736.08384457269,1,1,0,0
1,1,3,1,7,3,0,1,0,35127.8680377525,1,1,1,0
0,0,3,0,7,3,0,0,0,22449.27130251604,2,0,1,0
1,0,3,1,7,3,0,1,2,27676.993971615288,3,0,3,0
1,0,5,1,2,2,0,0,1,39527.006365129615,2,0,1,0
0,0,4,0,9,3,0,1,0,20132.370956762727,1,0,2,0
1,1,8,1,9,3,0,1,1,18498.69798498151,2,1,2,1
1,0,5,1,6,3,0,0,1,22113.249441789285,1,0,3,0
1,0,8,0,7,3,0,1,2,43735.30775275393,3,0,3,1
0,0,6,0,5,2,0,0,0,27573.686968497354,1,1,2,0
0,0,8,0,6,3,0,1,0,34105.97558720004,1,1,2,0
0,1,6,0,7,2,1,1,2,22853.399356789618,1,2,0,0
1,1,3,1,9,4,1,0,0,28806.442864072345,2,0,2,0
1,0,4,1,8,3,0,1,1,28548.02444081394,2,0,1,1
0,1,7,1,9,3,1,1,1,29846.54506249306,2,3,2,0
1,0,3,0,8,3,0,1,1,25184.640900156424,0,1,3,0
0,1,5,0,9,3,0,0,0,32034.108570182663,2,1,1,0
1,0,5,1,7,3,0,1,0,24384.52097637493,3,0,3,1
0,1,3,0,8,4,0,1,1,26782.625641540002,2,2,3,0
1,0,4,1,7,3,0,0,0,19099.954563263236,2,1,2,0
1,0,3,1,3,3,0,1,0,26495.52592287494,2,2,1,0
0,0,2,0,7,3,1,1,0,32730.318397225466,0,1,1,0
1,1,5,1,7,3,0,1,0,30492.684862715087,2,1,1,0
1,1,5,1,9,4,0,1,2,39959.03664741715,1,0,2,1
0,0,11,0,6,2,0,0,1,33951.93866079462,2,3,1,0
0,1,5,0,8,4,1,1,0,34157.26359146235,0,0,0,0
1,0,1,1,5,2,0,1,0,23473.540554378724,1,0,3,0
1,1,4,1,10,4,0,1,0,20749.556624530385,3,0,1,1
0,0,3,1,7,2,0,0,0,23099.270988482414,3,0,2,0
1,1,0,1,8,1,0,0,1,18402.581417043068,3,0,1,0
0,1,4,1,5,4,1,1,0,33567.98744278656,1,0,1,0
1,1,11,1,8,1,1,1,3,50821.375536452135,1,0,2,1
1,1,3,1,8,4,0,1,0,23328.616589572157,1,2,3,0
0,1,10,1,7,3,0,1,1,38870.44216114356,0,2,2,1
0,0,3,0,5,2,0,1,0,18673.940438188343,1,1,3,0
0,0,6,1,6,4,1,1,0,30589.3250648127,2,0,1,0
1,0,1,0,4,2,0,1,1,23252.34963771472,3,1,3,0
1,0,6,1,9,4,1,1,0,20637.460824209837,3,0,1,1
1,1,12,1,8,3,0,1,0,8984.95085457584,3,0,3,1
1,1,2,1,8,2,0,1,1,17723.792167692503,3,1,1,0
1,1,4,1,6,3,1,0,1,37297.69087438971,2,0,3,0
1,0,4,0,5,3,0,0,1,20597.963487067995,2,0,1,0
0,0,7,1,6,2,0,1,3,23665.621063804632,1,2,0,0
0,1,7,1,9,4,1,1,0,27557.094099923666,0,1,2,1
0,1,7,1,6,3,0,1,0,32750.77466007585,0,1,2,1
0,0,9,0,6,4,1,1,1,18045.678018548115,2,3,2,1
0,1,4,0,10,4,1,1,1,26790.771086173463,0,1,3,1
0,1,7,0,8,4,1,1,0,31419.084714986002,1,2,1,0
1,0,11,1,6,4,1,1,2,30097.73731576562,1,0,0,1
0,1,4,1,6,3,0,1,1,28528.251264884453,2,1,1,0
1,1,3,1,7,4,1,1,2,30516.09495839912,3,1,2,0
0,0,7,0,8,3,0,1,0,26405.67352344064,1,1,2,1
1,1,4,1,6,4,1,1,0,31950.627691337984,1,0,2,0
1,1,3,1,6,3,0,1,0,26485.283261982568,3,0,1,0
1,0,8,1,8,3,0,1,0,31441.5716413864,2,0,2,1
1,1,6,1,8,3,1,1,0,28069.577196230395,2,0,2,1
1,0,4,1,7,4,1,1,0,24834.822997191593,1,1,1,0
1,0,9,0,8,4,1,0,1,31343.43666245681,3,0,1,1
0,1,5,0,6,3,0,1,2,20749.124216166827,0,0,2,0
0,0,11,0,7,4,1,1,0,34772.58543995977,2,3,3,1
0,0,9,1,5,1,0,1,2,36015.73348473896,0,2,2,0
0,0,7,0,5,4,0,1,1,25636.003473476532,0,0,1,1
0,1,5,0,7,4,1,1,2,36915.64579320268,2,0,3,0
1,1,12,0,7,4,0,1,1,24550.12732907404,2,0,1,1
1,0,8,1,5,1,0,0,0,23591.977123540255,2,0,2,0
0,1,4,1,6,3,0,1,1,25383.640301423664,3,0,2,0
1,1,5,1,7,2,0,0,1,21717.033412065426,3,1,3,0
0,1,1,0,9,4,0,1,0,25620.698046915193,1,0,0,0
0,1,4,1,10,4,1,1,0,33249.71508906197,0,0,3,1
0,0,5,0,8,2,0,0,0,17030.055690390298,2,1,2,0
1,0,10,1,8,4,1,1,1,28054.08072162657,2,0,3,1
0,0,7,0,8,4,1,1,1,34528.75937042468,1,0,1,1
0,0,3,1,5,2,0,1,0,23387.24474830519,0,0,2,0
1,0,5,1,8,3,1,0,1,28749.28972750564,2,1,1,1
0,0,1,1,6,4,0,0,0,24978.25849657463,1,0,3,0
0,1,4,1,8,4,1,1,1,27029.399057275492,2,2,2,1
0,0,8,1,5,4,1,1,1,36317.92712697536,0,3,3,0
1,0,5,0,5,3,0,0,0,28907.184144555893,3,1,1,0
0,0,8,0,5,2,0,1,0,24989.084874995697,2,0,3,0
1,0,7,1,5,1,0,1,0,32292.513693997607,2,0,2,1
1,1,6,1,7,4,1,1,0,28293.75585967666,0,0,2,1
0,1,8,0,8,3,0,1,0,31028.56511604069,1,2,1,1
1,0,4,0,7,2,0,1,0,28094.63806797619,2,0,1,0
0,0,4,0,8,2,0,1,0,27032.701468759904,0,2,3,0
1,1,1,1,8,3,1,1,1,27954.204057253617,3,0,1,0
1,1,5,1,8,4,1,1,1,37924.9452971145,3,0,2,1
1,1,8,1,9,4,1,1,2,32400.279281106905,2,1,3,1
1,1,4,1,9,2,0,0,0,26490.673241786917,2,0,2,1
0,0,6,0,3,3,0,1,1,24813.965874757196,0,2,1,0
1,0,9,1,1,2,0,1,1,24992.02135596279,2,0,3,0
0,1,6,0,7,3,1,0,0,36441.823577020405,0,1,3,0
1,0,9,1,8,1,1,0,0,42724.99590365519,3,2,1,1
0,1,3,0,6,3,0,0,0,27344.84691420418,2,0,2,0
0,0,5,0,3,2,0,1,1,20925.705333892456,2,1,2,0
0,0,2,1,5,2,0,0,0,19101.35938139938,1,1,2,0
1,1,10,1,8,4,1,1,0,41154.079640156204,2,1,2,1
1,0,4,1,8,4,1,1,0,32236.681626771217,2,0,1,0
0,1,8,1,8,4,0,1,1,36252.12175500872,1,1,0,1
0,1,7,0,6,4,1,1,1,33769.96686802966,2,2,2,1
1,1,5,1,7,1,0,0,0,28663.60910897729,0,0,0,0
1,1,5,1,8,2,0,0,1,26683.79698130537,2,1,3,1
1,1,4,1,9,4,1,1,1,34819.35259499703,3,0,1,1
1,1,6,1,9,3,0,1,0,33205.41366739449,2,0,2,1
0,0,4,1,8,2,0,1,1,15977.96138751462,1,0,0,0
1,1,0,1,9,3,1,1,0,19264.837689933032,1,0,2,1
1,1,5,1,9,3,1,1,1,33845.36397984802,3,0,2,0
0,0,8,0,7,3,0,1,0,33016.606885978865,1,2,3,1
1,1,2,1,8,3,0,1,0,27884.650823949774,3,0,3,0
1,1,5,1,9,4,1,0,1,42182.72934634151,1,2,2,1
1,0,3,1,6,3,0,1,1,25097.411038323055,1,0,2,0
1,1,9,1,8,2,0,1,1,29827.732589362222,2,3,2,1
0,1,5,1,7,3,0,1,1,28451.99731105827,0,1,0,0
1,0,4,1,6,2,0,1,1,22631.139761153798,3,0,2,0
0,1,12,1,8,3,1,1,0,22382.05856905521,1,3,1,1
1,0,7,1,6,3,0,0,1,41561.10242613157,2,0,2,1
1,1,10,1,9,4,1,1,2,23117.832936130697,3,1,3,1
0,0,4,0,8,3,1,1,0,24250.325431108737,2,0,2,0
0,0,1,1,6,4,1,1,0,25641.688682923002,1,1,0,0
1,0,1,0,7,2,0,1,2,24283.587146255886,2,0,2,0
0,1,7,1,9,4,1,1,0,30523.838432916127,2,2,2,1
1,0,10,1,6,2,0,1,0,38205.30476121271,2,0,2,1
0,0,4,1,8,4,1,1,0,17021.637793371265,2,1,3,0
0,1,8,1,9,3,0,1,0,31613.74975635282,1,2,2,0
1,0,3,1,4,2,0,1,0,27564.09450987896,3,0,1,0
1,1,9,1,7,4,1,1,0,36916.543477003404,2,0,3,1
0,1,7,1,7,3,0,1,2,47187.43083886731,1,2,3,1
1,1,7,1,7,3,0,1,1,28269.776157416123,2,1,2,1
0,1,5,1,9,4,1,1,0,22251.26193732971,1,0,2,1
0,1,9,0,6,4,1,1,2,31065.3433289627,2,3,1,1
0,0,5,0,7,4,1,1,0,30918.956417348076,1,2,3,0
0,0,10,0,5,4,1,1,0,37233.447594824465,0,2,1,1
0,1,3,0,5,3,0,1,0,24859.089052476967,2,0,1,0
0,1,3,0,9,3,1,1,1,36538.23161701761,1,0,2,0
1,1,5,1,8,4,0,1,0,23555.471170639423,0,0,1,0
0,1,3,1,8,4,1,1,0,24731.44290397749,1,0,1,1
0,0,7,1,7,3,1,0,1,36750.25987913998,2,1,1,0
0,1,7,0,8,3,0,1,1,34226.07414208602,3,0,3,1
0,0,5,1,4,4,1,1,0,32342.316730125178,0,1,2,0
1,1,2,1,9,4,1,0,0,27718.039191741787,3,0,2,1
1,0,9,1,5,3,0,1,0,25724.645650073955,3,0,1,1
1,1,6,1,8,4,1,1,1,33326.804812761766,3,0,3,1
1,0,2,1,7,2,1,1,0,25508.976610698617,1,1,2,0
0,0,6,0,2,1,0,1,1,32956.55309133246,1,1,1,0
1,1,6,1,8,3,0,0,0,30631.245874866905,3,0,2,1
0,0,2,1,5,3,0,1,0,23826.173481400187,1,0,3,0
0,0,9,1,3,2,1,1,1,32009.666575740823,0,6,0,0
0,0,8,0,4,3,0,1,1,37795.506796837515,2,2,2,0
0,0,6,0,7,3,0,0,0,21534.801982178953,2,3,1,0
1,1,4,1,6,3,0,1,0,35190.2779918547,2,0,1,0
0,1,6,1,7,4,1,1,0,35932.78911190144,1,2,2,1
1,0,9,0,6,2,0,1,0,12087.86638868865,2,1,1,0
1,0,5,1,5,3,0,0,1,34473.25065517887,3,0,3,1
1,1,5,1,9,4,1,1,0,22102.55564077403,2,0,1,1
1,0,7,1,8,4,1,1,0,30249.436745017876,2,0,2,1
0,0,2,0,4,3,0,0,1,24321.43203058569,3,0,1,0
0,1,4,0,10,3,0,0,0,27382.899656017336,1,1,3,1
0,1,2,0,6,1,1,1,1,19609.60255416546,2,2,0,0
0,1,6,1,7,4,1,1,0,25148.53380251428,2,0,2,1
1,0,6,0,5,0,0,0,0,24359.338546112307,3,0,3,0
1,1,2,1,10,3,0,1,0,20621.118796649065,3,0,1,1
1,1,4,1,9,4,0,1,1,22445.409682264817,3,0,3,1
1,0,5,1,4,2,0,1,0,31650.708872873554,2,0,2,1
1,1,7,1,8,3,0,1,0,21168.230695536193,0,1,1,1
0,1,2,0,9,4,1,1,0,28221.69181559711,3,2,0,0
1,1,6,1,7,3,1,1,1,26392.352235838553,2,0,1,0
0,1,9,0,5,2,0,0,0,32496.103093327536,2,0,1,1
0,0,6,0,5,4,1,1,0,26473.207080716984,1,2,1,0
0,1,5,1,7,4,1,1,0,36461.685030830704,2,0,2,1
0,1,4,1,6,3,0,1,0,26687.859312624347,1,1,3,0
1,0,2,0,7,4,0,1,1,17071.142347832756,2,0,1,0
0,1,1,0,7,1,0,0,1,21646.510847220237,0,0,3,0
0,1,2,1,5,3,0,0,0,26059.893108657587,1,0,3,0
0,0,3,0,7,2,0,0,0,19327.09448970879,3,0,3,0
0,1,6,1,7,3,0,1,0,28176.936117057925,1,0,2,1
0,1,3,1,8,3,0,1,0,24860.71757479596,2,0,1,0
1,0,4,1,6,3,0,0,1,27961.703849106954,2,0,0,0
1,1,8,1,9,4,1,1,0,31319.97782788603,1,1,2,1
1,1,5,1,6,4,1,1,0,26439.628135452545,0,0,2,0
0,0,2,0,5,2,0,1,0,23728.342209883267,2,2,2,0
0,1,11,0,8,4,1,1,0,29290.30306554209,1,1,1,1
1,1,3,1,8,2,0,1,1,27879.27833353259,2,0,0,0
1,1,7,1,7,4,1,1,0,27150.27144784249,3,2,3,1
0,0,1,0,5,3,0,1,0,18387.469187464867,1,0,1,0
0,1,8,0,10,4,0,1,1,37886.79247942829,1,2,2,1
0,1,3,0,7,4,1,1,0,23860.032787239325,0,0,2,0
1,0,9,0,4,2,0,1,0,23849.431235596196,2,0,1,1
0,1,4,0,8,3,0,1,0,29916.734748707604,1,1,1,0
0,0,3,0,5,2,0,0,0,24645.065758935703,2,1,1,0
1,1,4,1,6,1,0,0,0,31048.141390310797,1,0,3,0
0,1,2,1,7,2,0,0,0,24350.863679369293,1,0,2,0
0,1,7,1,8,4,1,1,0,39486.227992038795,1,0,2,1
1,1,1,1,7,2,0,0,2,22693.321505540378,2,0,1,0
1,1,5,1,7,4,0,1,1,25204.433368126724,3,0,1,1
0,1,7,1,6,3,0,0,1,33406.35964458547,0,0,2,1
1,0,5,0,6,0,0,0,0,18689.31104690626,2,1,3,0
1,1,2,1,8,4,1,1,3,16491.423218183998,3,0,3,0
1,1,12,1,8,3,0,1,1,35774.69482319606,3,0,3,1
0,0,8,0,5,3,0,0,0,21814.788371390438,2,3,2,0
1,1,3,1,7,1,0,1,0,28261.42784460701,2,0,1,0
1,1,10,0,9,3,0,1,0,31930.326979020316,2,2,3,1
0,0,3,1,6,2,0,1,1,20398.7388041285,2,2,2,0
0,1,1,1,5,2,0,0,0,22661.646720685665,2,0,1,0
0,1,8,0,8,3,0,0,1,29184.705512203043,0,1,3,1
1,0,4,0,5,1,0,1,0,19944.805686329,1,0,1,0
1,0,3,0,5,3,0,0,2,24665.521619972413,3,0,0,0
0,1,3,1,6,4,1,1,1,27336.873280920394,2,1,2,0
1,0,8,1,5,3,0,1,1,37868.49087347476,1,2,2,1
0,1,6,1,8,4,1,1,0,26138.47750539504,2,1,2,1
0,0,8,0,3,2,0,1,1,29069.568383484602,0,2,2,0
1,1,5,1,7,3,1,0,1,35430.23317758465,2,1,2,1
0,1,3,1,6,4,0,1,0,23067.76667373824,1,0,2,0
0,1,6,1,7,3,1,1,0,36363.798692490534,1,1,3,1
0,0,4,0,7,3,0,0,1,26884.918504632977,1,0,2,0
0,1,8,1,10,4,0,1,0,30834.579164446437,0,2,1,1
1,1,2,1,9,3,1,1,1,25003.662270331977,1,0,1,0
1,0,8,1,3,3,0,0,0,34877.108011184064,2,0,3,1
1,1,4,1,9,4,1,1,0,27416.614464830156,1,0,1,0
1,0,4,1,7,2,0,0,0,25363.430625318502,1,0,3,0
0,1,9,0,6,4,1,1,0,41935.596500877546,0,1,0,0
0,1,5,0,8,4,1,1,0,22913.667805279,2,2,2,0
0,1,2,0,6,3,0,0,1,23110.24192800431,2,0,2,0
1,1,5,1,8,3,0,1,1,23827.892257594656,3,0,1,0
0,1,3,0,7,3,1,1,0,24420.970182087352,0,0,3,0
1,0,1,0,8,3,0,1,0,12939.55041910673,2,0,2,0
0,0,5,1,5,4,1,1,0,34734.8147628105,2,3,3,0
1,1,9,1,9,2,0,0,1,23051.81025752327,2,1,2,1
1,0,5,1,4,2,0,0,0,36671.575790670584,2,0,2,0
0,0,9,0,3,3,0,1,0,32426.244383307498,0,2,3,0
0,1,4,1,9,4,1,1,0,33141.47359543803,2,0,1,0
1,0,8,1,6,2,0,1,1,41078.281306663586,1,0,0,1
1,1,5,1,7,3,1,0,0,40805.85230273758,3,0,0,0
0,1,5,1,6,2,0,1,0,37884.27041319356,3,1,2,1
1,0,4,1,3,1,1,1,2,23692.90680951222,3,1,2,0
0,1,10,1,9,4,0,1,0,45160.68074211594,1,3,1,1
0,1,5,1,7,4,1,1,0,29225.680386283086,1,0,2,0
0,0,1,0,5,3,1,1,0,20831.51710958428,2,0,2,0
0,0,12,0,6,3,0,1,0,31690.232204453074,2,1,3,1
1,0,2,1,8,1,0,0,1,25920.36114726354,3,0,2,0
1,0,7,1,7,3,0,1,1,31261.579976423636,2,2,1,1
1,1,5,1,10,3,0,1,0,33196.50306510085,2,0,1,1
0,0,5,0,7,2,0,1,0,30841.961721418706,1,1,3,0
1,0,5,0,7,2,0,0,1,29862.51207930914,3,0,1,1
1,1,5,1,5,4,1,1,0,34090.717395744716,3,0,3,1
1,1,6,1,6,2,0,1,1,29609.117491350866,2,0,0,0
0,1,8,0,7,4,0,1,0,33747.08095863142,2,1,2,1
1,1,5,1,7,1,0,0,1,35257.10885999891,3,0,0,0
0,1,4,0,8,4,1,1,1,32197.828873329698,1,2,1,0
0,1,5,0,7,4,1,1,1,40505.11389872293,1,1,1,0
1,0,9,1,8,2,0,1,1,22875.869419373776,2,2,1,1
0,1,4,0,8,4,1,1,1,29769.781328141453,1,0,2,1
0,0,2,0,6,2,0,1,0,25261.638740712136,3,0,1,0
0,0,4,0,6,2,0,1,1,29850.338943412622,3,2,0,0
0,1,8,0,9,4,1,1,0,22968.597853965606,1,1,1,1
1,1,10,0,7,4,0,0,0,38266.79803388163,2,0,3,1
1,1,5,1,4,2,0,0,0,27916.53704709181,1,0,3,0
1,0,11,1,2,0,0,1,0,45337.07963796674,2,1,1,1
0,0,5,1,5,3,0,0,1,27151.56968315909,2,4,2,0
1,0,7,0,5,3,1,1,0,34883.88235593468,3,5,2,0
1,0,3,1,2,2,0,0,0,24876.063217590457,2,0,2,0
1,0,8,0,5,1,0,1,0,28966.294824808014,3,1,3,0
1,0,5,0,3,1,0,0,1,34260.11299408076,2,0,2,0
1,1,7,1,8,2,0,0,1,34006.86551919207,3,0,1,1
1,1,5,1,9,3,0,0,1,21257.98432611981,3,0,1,0
1,1,9,1,7,4,0,1,0,27411.20224932341,2,1,0,1
1,1,1,1,6,4,1,1,0,27980.65308193797,3,0,2,0
0,0,7,0,4,3,1,1,1,32721.15886714193,0,2,2,1
0,0,6,0,3,1,0,0,0,21806.67802694816,1,3,3,0
1,1,4,1,7,3,1,1,0,27339.19243259275,2,0,2,1
1,0,0,1,7,3,1,1,0,17782.23247545604,2,0,1,0
1,0,2,1,6,3,1,0,2,25231.092561633446,1,0,3,0
0,1,2,0,8,3,1,1,0,22099.306213117554,1,0,2,0
1,1,6,1,10,4,1,1,0,44371.15504549963,2,0,3,1
0,0,6,0,7,4,0,1,0,28036.33060546711,1,1,3,0
0,1,4,0,8,3,0,1,1,31794.7505372512,1,0,2,0
0,0,5,0,6,2,0,0,0,23101.980100531095,2,3,1,0
0,0,2,0,4,1,0,0,1,14329.04710300687,2,0,0,0
0,0,6,0,7,4,1,1,0,18069.648766921186,1,1,2,0
0,1,7,0,7,3,0,1,0,37009.34434470021,2,1,0,1
0,1,4,0,9,3,0,1,0,23750.731031091058,2,3,2,0
0,1,9,0,7,4,1,1,1,44820.33348773533,1,3,3,1
1,0,7,0,8,3,0,1,3,33682.36369028447,2,1,1,0
0,1,4,1,6,4,1,1,0,25750.641642967363,2,1,1,0
1,0,5,1,6,4,1,1,0,42104.92692609591,3,0,2,0
1,1,6,1,4,4,0,1,1,27541.910418405318,1,0,3,1
0,0,4,0,6,3,0,1,1,26938.906046811935,1,1,1,0
0,1,5,1,7,3,0,1,0,27221.859955847758,1,0,3,1
0,1,7,1,9,3,0,0,0,21937.823633168307,0,0,2,1
0,1,3,1,8,3,1,1,0,30885.74347384146,2,0,1,0
1,1,3,1,4,2,0,1,0,23151.943858622413,2,0,2,0
0,1,5,0,5,1,0,0,0,31098.984088391036,2,1,3,0
1,0,11,1,6,2,0,0,1,31730.50314114692,1,1,1,1
1,1,4,1,7,3,1,1,1,27198.89186117566,2,0,3,1
0,1,3,0,8,4,1,1,1,27804.816478255856,0,0,2,0
1,1,6,1,7,3,1,1,0,26142.647824871918,3,1,3,1
0,1,4,1,9,3,1,1,1,30417.936826922385,1,0,0,0
0,0,4,0,3,3,0,0,3,28584.609761927553,1,2,3,0
1,1,6,1,7,3,1,1,1,23850.04412034968,0,0,1,0
1,1,8,1,10,4,1,0,0,41697.97515248492,2,0,3,1
1,0,2,1,7,3,1,1,0,22678.645561200836,3,0,1,0
0,1,3,1,10,4,1,1,0,31646.37587412653,2,0,2,0
0,1,7,1,10,4,1,1,0,33486.609563881226,1,3,3,1
0,1,10,0,9,4,1,1,0,36382.47268866857,1,2,1,1
0,1,5,0,7,1,0,1,2,30018.62402131637,2,0,3,0
